True Label,0,1
0,100.0,0.0
1,0.7575757575757576,99.24242424242425
